titulo;link;publicado;coletado_em;;
‘Não quero te ver’: áudios mostram ex-companheira pedindo para guarda municipal deixá-la em paz dias antes de feminicídio no PR - G1;https://news.google.com/rss/articles/CBMiqgFBVV95cUxQQWhwX245TWJ2VncydV9FcnpUX0V4VjdGSFNYV3NJTm9hWjBweWt4T01tbGpHbWtxRXFzZWFEcnRNRDI4ZGcwUUIyXzJteVR6VnZwSzFmQktXcXRmRTI3ZXBOSndienZUQ0lvYXhqRzBuZ1ZiOXMyVFQwV3Jva1dLRzlpWjFPeE43WHZwQ1hCb2xleG9WVGZMaDFMUnc4ZW95S0sxb0NWcENtZ9IBuAFBVV95cUxNdzVYd0tPUVotMlg4S2VNOExyYVlScFJhR2NRS0NlNy03eEl6R1VoM1k5ZmhMOFUxZGtuXzFIYjhkWjV2QW12NlAzRUFPMVBSQWZMWDA3SVhwOTlvcTNzSXRsQjRpY1hFY2ZGcnh6QnowT0VXX2RKWVJRR2k0dEJOUXNmSThuSkQ4dUFsSU02cUpiZGlIamd0bXhsLVZkUkV0SDVfc3hMNnNnbnlYU1c5NXFCOEl1eDVq?oc=5;Sun, 21 Dec 2025 08:00:00 GMT;14/05/2026 15:07;;
Guarda municipal é preso suspeito de matar ex-companheira no PR - CNN Brasil;https://news.google.com/rss/articles/CBMirgFBVV95cUxQTjZVa21CZ1VpOGx5VGpaWDFKM3dLQmJYX1VYVnhsRnU2Y3VkRXFLcFRZcHdFN2hDTkFaa3V3SkJNUDBSbkVjYXI4YUZXQzhpN3k0WV8xS2c3Z1JncW1jbkFYNG5Fcmp4MmUxSEJ2eGVRUVpDTzZqSno3bXhxNUlkOG52Qk9jV3g0NjBmanpWcnZqdVNPSXNPVUU5NkMyWHV1Vld5QUxqdTE3MmhhdlE?oc=5;Sun, 21 Dec 2025 08:00:00 GMT;14/05/2026 15:07;;
Empresário de Maringá mata esposa de 32 anos a tiros na frente da sogra em Mandaguaçu - gmconline.com.br;https://news.google.com/rss/articles/CBMi3AFBVV95cUxNSUF3TDUxRFhGX3JGRG4yTnFpaF9WWkZ2U21fQ0x3dF83VlRSbnhwNnNwYnUyMWJGT0Q1Tk5WSTlVQ1RCVU1pSWd5ZkFTSGMtVXdpSFlpY1F3TDQteTRZUkdPeWM2V0F0aEVfS2hQYkxncXRkdnJ1YjJIcHpZelFVNGZXd2RfNDM3Ym1QZzRpTGk0VUppeDFqZm1JUnJHU1Zzc2NSRnBJYlRIOGFEVnpvcXN3OWNEdTU5azZiZ3E4c240SmFuT1VmNWUxWS1zOURvUUNKaDZXTnhsNjZx0gHiAUFVX3lxTE04MFdrQjRjRDd1clRtYjY0bzBBQVRYdGs2eFJpT3dzQThNSmNQZWlPemFsX3NqU1p1djFZQ210Ujh0YUVnVlBWN2pZcEZOY0d1cURGdWwyOHRacG02X0xGNnVjMXZUWkNjUUdlelJJLVFFUXlDeUtaeUFXT05vclFsQlBXNUJBMDBZTlU1R2cwTngwSlVXZkRESXl1N3NQeDhucVROY04tOXZZVGw1S3VUR3d5dXBaUVNhOTJNY3VPRjdndm5yaXVpd2JSRlZON3p2d2c1TVdaNFJnMGtRU2hfOGc?oc=5;Tue, 21 Apr 2026 07:00:00 GMT;14/05/2026 15:07;;
Guarda municipal é preso suspeito de matar ex-companheira no Paraná usando arma do serviço - G1;https://news.google.com/rss/articles/CBMiswFBVV95cUxNTEV6T2NoTG1Idld5SkEzZkFYcmwwaGF0aEFZanhZdmQxQnRlZ1BRc1ozWmE0SVhiMkJMZkJobzJRNGI2X2c0c0RKV0xsaEowUXpuSFNrT2dEalFqUFhzeWY0SmtTeXgyTFdMcnJMYkNld1k0UVhONXVtc2stV1NhWUtjVGs3RUNwYWxlX0s2X2ZQM3hUTnk1X2Z5YlFZR1pZa1lUekhYWmYtRmZUMFpDc1ZqUdIBwgFBVV95cUxQZm5EWkFLdWJIQmFCZDZSeDdmS21SVVI4YnBmU1RfeTZORFoyZmZud1BPck40ZkNhZTdMYzlKUjdfOHBOY3JUNkFUUHJDZFdfbnc5OUd0VjVXWjdVTW4wRFplWmRNT1hRbXVjd2VLSGtRVkVJZlJPeHJDZWNwRlM3U2dTaWYyT3BPQklFZ1BLWF9yMnRZMlBqc2pBdU02M2xMcGtNVXNINEhKMGUyYkhyT1lLXzJlbGVaSGVDTFhYYWxzUQ?oc=5;Sat, 20 Dec 2025 08:00:00 GMT;14/05/2026 15:07;;
PCPR prende homem investigado por tentativa de feminicídio em Maringá - Polícia Civil do Paraná;https://news.google.com/rss/articles/CBMisgFBVV95cUxPT3VLbkRCZi1nMURBcTl4X2F5dUtIaTF4S2RTMjdoNmJGOUFoTlNhZFlmT1IyTnZKV1NJTmFDemJLNzZYTnVaZEpGbDN0Z21QZk1ndGRndmNIQTM5MUk3YVZxYmVWdTlXbG55Z1Y5RGt2NjBxc2dBXzBpMGF4cjFLVWRpS1Nma2F4LUp4TjVZQUw0TXAxeE15LXRiNU1PSTJkTWZJLTVwR0pvZXB4NGV5SXdR?oc=5;Fri, 30 May 2025 07:00:00 GMT;14/05/2026 15:07;;
Mãe de vítima diz que assassino era obcecado pela filha e a perseguia - Gazeta Digital;https://news.google.com/rss/articles/CBMixgFBVV95cUxPSWZ4UWNJazBLczVyRG5SQndZcU1nblFBX2RPODhFR1E3MF9YQWNWSk5iQUNIWkR4bGUzZTg0bkJJVVJmdGNQUlZUel9wUmhkUHVERVV6RTVERkJac3hTZm1XbkZxNENoOTBKN0xxblhNcno2RGx4aDkwYTlyTDhqYURDd1VYMkI0aF9QQzJ0LWNuakpNcTRNT1VvbkdlbzNDSDNibmFSNXp3UnVLZkVWVGNWTTAzVllQUFpiTEhPUG1JTU1RU3c?oc=5;Mon, 12 Jan 2026 08:00:00 GMT;14/05/2026 15:07;;
Guarda Civil de Maringá é preso após matar ex-companheira dentro de residência - Canal 38;https://news.google.com/rss/articles/CBMipAFBVV95cUxNSk5ab2RMbFQ5X1dxdV9iNTZFMXZSaG1BYWJmZnp1ZGxEcFM3YVlXQVR6bEwtYjdlTVoybGdXU01WRC1PR0U0bTFBNzJwaUNaWWZvWWNwMFRJWkRGSExtS0lMa3AzMTNoaUllUUR1WjRfN0lnbmVHMkFqQUxsM1Y1VWRCanpiQXVidXVUQlFmUWxZYldVS1piejY3WF9kOEs4djlRUQ?oc=5;Sat, 20 Dec 2025 08:00:00 GMT;14/05/2026 15:07;;
Guarda municipal é preso após feminicídio da ex-companheira em Maringá - Catve;https://news.google.com/rss/articles/CBMiqAFBVV95cUxObU9IM3lsTEZZYUY1Skthb1Jhc25xZ1N0MG1mN2hKX2NlMVVJRkVLZnVOZ2FUNVBweDlfLWtlLUtFbmxlbDFCODJxN1g2dFVidk44T3Yyc3FfUmJIbE16R2o1VWR3VnZiTTdsMklyZXlYQzg4R3BxbE1yM2JMVnNXUjFFLUpmMXNabVM4V1NrQjlzYWx2LU5FNUVKSm1oY3htaHoteUN3WS0?oc=5;Mon, 22 Dec 2025 08:00:00 GMT;14/05/2026 15:07;;
Em meio a protestos; SP registra mais dois casos de feminicídio - radiomaringa.com.br;https://news.google.com/rss/articles/CBMipwFBVV95cUxNcFBBUlUwU2lTbnJoSmVKRWpmS01BZU42VzNmNThZOGFpeXMyWHE2OXdaX3c3WEM0VnA4TU1CX2pFQlYta1hnd0hZSlFWVjBsTktMdWM4WEVtamhKeDhPaHE5bVAxenNIYnpISFRmTkJDS3hBWnpqNkRWU2x4dHFLdlF3N2dxSUpJa0lEV3hIUVplUlFPV011TURocDZtekRqZVBNOVBpTQ?oc=5;Mon, 08 Dec 2025 08:00:00 GMT;14/05/2026 15:07;
Guarda Civil é procurado suspeito de matar ex a tiros em Maringá (PR) - TNOnline - TNOnline;https://news.google.com/rss/articles/CBMiuwFBVV95cUxQM1BFSUdLM0hTY2F2MzEwT0pmVDdWcmltUmE0ZGYtOG9zcE5pcDI2ZUE2NUpnY1EzSXdQcjQwdDRjWDFHc3FpWU40YVVvSTc2QXRlM1lfNFNlekR4YTdPVlI1dmw3QnRmRV9HMlhmRnNCUkZlcUV0V2VUblktaWpHZlVOTWkwUVRDbmwyekZERkhnLWRBRzVqdVAzRFZBTGQyWTlFVnJpbnlYVFR6Q2RRMkJIRFhQYm5wVUxr0gHGAUFVX3lxTE9Rdm4xUWZfTUF4MkRyc0hVVTg1Q1g5VTNiV2hlYkxkTWt1NkczaVowaDdVSllBNEZ0NExaNjBDYjB2T0JqWEpaaERzWkFqRzVzNnU0XzF2M05qNXAyZE85RTg3M2E3UWVqQ0h1RUlYbW1kVFRMZVBlMHRfbk02VXZCM0RybVBLQ3hmRngwQnRSTzhmRFFTdjBIY2hEdWZoSWVrWjV2UmUtT3RLaUFvRklYOUpsclNZWGdUZlZLcmJvNDVCb1Y1UQ?oc=5;Sat, 20 Dec 2025 08:00:00 GMT;14/05/2026 15:07;;
Juiz cita extrema violência e mantém preso suspeito de matar a cunhada com 15 facadas - Primeira Página;https://news.google.com/rss/articles/CBMiyAFBVV95cUxQNHd1QWNqbHYycVVZOUZPeUl4T3BURkJPelNMallvaVdjeEdpR2pESHJOZEl2MzVGeG5mc3Z3em1qZFRnQ3JSS1dsY0ZKalpzYWNYS1NCeFBWbzJYbHNEQjd1Z0VxRUI2aHZsTlNMcTlaUWtWa2F3NWxuRXRpOW1WSkI2Tk1iekZpSTRsWXJrNUU1MV9mdWlIbk1RUFQyNjk0YWJxVUMydHBaZ21fVDFBemRWOWRpSC1OQkhvMGtId25fdHR1aUw2aw?oc=5;Mon, 12 Jan 2026 08:00:00 GMT;14/05/2026 15:07;;
Polícia divulga foto de empresário procurado por feminicídio - G1;https://news.google.com/rss/articles/CBMi5gFBVV95cUxNSWU0OEF4d1hkYjFsMmVlQjNSYThEbTVYQ0FhSUhRSEVlRmcwQUdUM0FEMEY0VXBxaGIzbTFQbWRuTjZvcHVuNjM4VTAwd0IyWk5wT0FlNXlGZ05DZmJObW9JRXlMSGhBSFZ6VkRmZmxZUHVCUHgxNkJyWHBLejBQRDg3bTR5eC1uNzZmdGtYdFplYnp3Y21DUnAzS1JmMEtPZjhEWTN3WmM1TGRqVV9CaEhnZW92b1dVaUFiZncyMU04dFZEV0J6Q2UzNUMyRnYzOUFLQXZPVktsN1BPOFRXQjJiZWNYQdIB9AFBVV95cUxNcmZCUV9YczdjcnM2WG9jRGlXVF9YV0hSZTZ2WVhEdVFMYmpNOE1QV2owYUtwYUlia21pMnVlRU1kWmpwV2wtOVdSbTZmeHE0bTVuZWNhUERpQTd1UXZiaGNSRUcwSHN3a2RhUHIxYkNpZUIzSHpjNHRfZy01U0NwcUtzTEpxUXJDV0RkZmFqNDlWTWhVakthMkk3VWNaelRRaHZ3S1J5VW10eExHUF9LNl9obWItdWMtNVR5OHRSTm5YUmZmZVpuVHVXWFVUZHlyU3BEOWh6bDhpUlU1bUI0M1U3Ul94Qm80cDI0cHRZc2pDM3hj?oc=5;Thu, 23 Apr 2026 07:00:00 GMT;14/05/2026 15:07;;
Empresário de Maringá é suspeito de matar esposa de 22 anos na frente da sogra - TNOnline - TNOnline;https://news.google.com/rss/articles/CBMiygFBVV95cUxPb1FoMnBwSFRZcENtWnNVNDJLQ3QyYmxrZzFNeGF3MEFsVDZRYTgzS181bUstTmV5enY1aFVMN2c4WW8xaVlxdUtTczVucXZncUs0SThJWnpxcXdSbVg2Q1BvVl9NQTR1UzhLeWhJZXZXbC00T2dfR1hxX2Nsa2xLSTNtTTBvUmtKTHJwV3Y1WDlOQ3paZ0hLNnlNclBLU1hrMk1xdmFNdmdXTFh5WFJwWEE1LUJYdjlxVURRV2FmS0dkajluMWE0RHVB0gHUAUFVX3lxTE5pcnE0eGNHYmpCTmtpNmFrUGF3eEowTXY2X2Y4U1Z4THd0dkpYRGd4dFRmNkJ2QmIxOFl4Tkw3QU5EVlQ0bzhuMEhoXzZjQ0lOa0ktOS1UUXFuM3BQRzZhbFhVM3U2U3JYTUdxcDR3UFBraXRqT2RZOGhoaFlmdTdVZG5GWkkyelNTY01OdEFCNmRwQXk0SkVMMGJwRTJlWHJUdzZmdC03WFdLei1QdGdVV3NVZU9YZ3RtVXYxeXAzal81SWlxUWNLblpRczBTMHkzU0Qw?oc=5;Tue, 21 Apr 2026 07:00:00 GMT;14/05/2026 15:07;;
Homem que ateou fogo na companheira em Maringá usou acendedor de churrasqueira e um isqueiro para cometer crime; afirma MP - G1;https://news.google.com/rss/articles/CBMivwFBVV95cUxOREd6WGd3akNJWmhNbnQ2SlQ4d1MwSldSTlpzUllSNnI2bUFtMHdRYjNLUE9HN2p6cUlHSU5IenBRNG1mNERtRWNpWmpfTzB5LVBxY2FqcU9fU0pabWtfVWE5VkctZVdlN3hYYmtrN2EzZk8tRmFtQy1iRkRaNlA0dDNReS1Mb3Z1ZmUyR0tBd2R2Q1NGNFVPaWtDR3gzc3I1WFJQWHgxRGxZVVo4SmtjY1RnUzJiVkQzd09OY3M0d9IBzgFBVV95cUxQX01pTTVRbDlPZWtMa2VkNGpoNlFaTi1RX0JaWWg3YU5NdHBTRmVxb05yU3UtaVFibnBZYmdrYklBWFhIZzRKRW1fQTNKdjhZOWFSR2FtblBmMVZoQm5hWVFRcHVxdmlsM0pyOEhSVEhPcUdsVEdud3JQTVJrelFzdk1TM0d1OG5xV2txQ3R1TEFYdm1PMmJIZWl2LWxvOE5TdzdxbzZHN0Y4d3JVOVpNRlFnM0N1TERva3M0UU5SY0R5cmw1YjdDR2R2Q2pTdw?oc=5;Fri, 04 Jul 2025 07:00:00 GMT;14/05/2026 15:07;
Dentista é morta a tiros em Maringá pelo namorado - Secretaria de Políticas Públicas para as Mulheres - maringa.pr.gov.br;https://news.google.com/rss/articles/CBMivwFBVV95cUxPVmM2b1lLUnF6Y1hWWlNFRmlIajk1SHVjZnpzSkQxaFRwTmxpbVVETEYwMVNNWG5ya2ZCSG1kYkNCeU15VXV4NlZaWWcwNHFSZGt3Vk5Ub1lKY1ptUG1mZ2RPN2dIeTBObmpjbnR6QWZ1aXJObnEyTW41bzFsWU83UUZURTRMZG5Tbkltd0NDeEtOaXV3T3BFcXdqWGM2cWpKV2ltR0pONUdTSWRZNDlMY3BPa3FfSUZlRXBQQ1BRbw?oc=5;Thu, 09 May 2024 20:12:30 GMT;14/05/2026 15:07;;
MARINGÁ: Relatório Estatístico da Segurança Pública indica aumento de atendimentos a ocorrências - O Fato Maringá;https://news.google.com/rss/articles/CBMiiAFBVV95cUxOcXdYMnB4Yi12LXdfU203Z3VreDRwZmJjbDNZY0tfdDhvQmtCUGRiandQU3BoSEg3Nm1HaTljanI0MjRudjh4SDB3Sm41VWhHWC1JektzYWUxdFFuTlZTV2puMXdQRm9xRWJLR1MzWjh3dEREeElfTlV3WERQN0djSGVxcGw0Q3RH0gGOAUFVX3lxTFBNeFV0YlFvNXllV0EtMkE4WU1JWUQ1cHd5a18xcUljanRJNEVrLUh0X2NIdkstRUhMZ1o4aHQyZVlnaHdGem5lTVBYLXhBSE1BdlU4WjBjZFhqM0JXb1llT0xGNzJOTWJRc2hTbjRCelhxWGV1WDBlRy1pd1B0Q3V6NFBlQnVuR3FGelh0VVE?oc=5;Tue, 06 Jan 2026 08:00:00 GMT;14/05/2026 15:07;;
FEMINICÍDIO: “Suspeito é Guarda-Municipal; mas não estava em serviço”; diz Nota da Prefeitura - O Fato Maringá;https://news.google.com/rss/articles/CBMitAFBVV95cUxOV19rT1hBOXd3VFgza0xFOUlBZDYtV2Y5eVRKQ0VDbzBsT0lLRmVqMVJnelNMbkswa3ZwdldkS1NPUWZwSFdqWmx2TTVSa3ZXSG9EaHcxYkNEYUV3LU1nd1hVVlEwZWZybkRHM3dIVy1WSXl0VVpieEtqejAwZ1F5QTRPekQ1bzEta1RZLW15dkpyMFZzc1Z3b0RfMGcyY2JqWDN6MFpCeUZ6a1B1LUU1dHBCRzbSAboBQVVfeXFMT0dfYkl4WndBVWtJY3BmNnpoRi04VHJuZERWMGJ5bDVmeWlhYVpseW9zTGlhTndHalpNN0VVT3VnQUFoRlptVzZSanhHNmdWdS0xSzRXMzFEaWxCQ3dhQ0VlM0I4dlY0YW1oYThVRlNscURRRlVQOHBuUEtaYU5DNjlOSElxWVd2ZG9VTVFUOEZ0N2JHdEUzY1hMX0k3SVJlOUVIUnBjcndReDRCVVlQM0F5eUlnbVkyVkZR?oc=5;Sun, 21 Dec 2025 08:00:00 GMT;14/05/2026 15:07
GM que matou ex-namorada teria sido reprovado em teste psicológico - O Fato Maringá;https://news.google.com/rss/articles/CBMilwFBVV95cUxPeVotNXZvUGdVWDlDN0ZRdWQ2Y1AxLVdjNTB5bXJiTDJxQmZvRW9rMC1HNE9aNlhWR18zQm1COHRRZnJNanprMTV1RjJQcTB0VjduTFpUM2l5NGh6WWx4NTFGVFBjRmFSb1ZucnhlQWFhSDBtMlBJanhMZ25SNV9GcFE3Z0Q5TFBhNHZmUkZUUDczdDhJZlhV0gGcAUFVX3lxTE1aTkdObTZmTjBCdUNBSlY5MmZHdjk4b3VEUzRpb09Scm1vYi05bWV6X2xlYU0wRDdkZ25wUzhnRzhUa1hXS2YwM0NoR1RjdDBxV1o4MFdjRjlfNXB2RlVQV3BWRWp2UlRkWjBrd0dQeV9JQTlrUkdyUUJYREJWMS1rTzBIbTRGemdQSHBzU25fNTJyb0NXSUEyTFgxVw?oc=5;Tue, 20 Jan 2026 08:00:00 GMT;14/05/2026 15:07;;
Mulher vítima de tentativa de feminicídio em Sarandi é transferida em estado grave para hospital em Curitiba - gmconline.com.br;https://news.google.com/rss/articles/CBMi5AFBVV95cUxPYVFiYW5UM1JVRlZCQWdpUlJ0N21wd2N0Q0R0VDM0R2hxNjRnYlZfSmdSbGxaNGd5VDNPRXV2YVdIbEhodDJlcmVUdkdybGdMc2xvM3paWVdMcnFtTkJZU2FkTE9Xb185cW92UEpxZnFlSnB5djJMSDNIOHlCQ21vaHQyZTJTYWk3bTdvbXNhU3FoZy1NcWFSQzBCTG02TjExOWQ0dUtIUUhXT0JNUFYxTDFNcFhpU3hwZ0FWY2Z0TXZ0RDNIUTI0QzE4SXA2c0E4cG1aclJieksxdk1iUHQ1RUlTUWfSAeoBQVVfeXFMTmp6akR1WTl1ODVCZEppX2FpMHB6UzdMR1NRVElaVHVSbGZKSTBpdEh1U0JUb0dJcTJkSTZiWDV4dm5RNTREVEhZR01YOHNHTVV4Wlc0REJtQkM1UTZLVGtjYWUyZFNES180TWFnT1FXNnFwXzNNY2M2LThsQkFvd21IempSeWx6bjdFYl9neDNrdnh0cjM4V0dieU1UdWlxVm5LaVUzaHV6REt6d2JrQ1diYUtWV0tOb0Z6bXRQM2F5MkhCMTM3bzdTT1U0bTVYdlFwazBTT3B4eFBCR1BfYnhmd1lqZXFudWt3?oc=5;Fri, 27 Feb 2026 08:00:00 GMT;14/05/2026 15:07;;
Homem suspeito de matar esposa policial de Maringá é indiciado por feminicídio - G1;https://news.google.com/rss/articles/CBMi2gFBVV95cUxNNGJjUUw3QzVjazVjNmkweHlPY3I4a0NGa242dkN1UlAzdmx5M0FYTDNWb21rT25TaGpfc1h6SldyVUI5dzhOS1c4M2NrQk1rYWRRbzdvR1pJVHBqS0xwVk9yUjNjLTFjdFczdmVuTTJRZVF6bFNRNGU4TW1OZDJJUGtPbmM4VmVLVXBxM1FNVk1ocDMxZ3FOUVlwVUdiOFJlYjNyMmdmaFFrc3hZeFpiMTMzUXh3aU96OW1SOHMyek91SkNlc21HWkZuUXJTNmwwOW5LOUs2MUtBd9IB6AFBVV95cUxOemtvZDFJRThFbXQxeHVISTJyNk01OER2aE5QdmJMS3dwS28tcFdtTFl2cDBPbzQtZmFzWGVUNU1oNnpwUERocGRvc2NiZnlCTVhlMTRMQ3ByTF90alpqMElkZGthZmV1NEdpUUZyc2lNX1hHQmsxdzFNWk9SdDJnbFRhaFVPcnRRRFpGMGZTQnZSYkdOOFFfWk1sVWhQaEdnOEVPcWNfNi1DSVFyZFh0WWxXM24xZGdjTXlWX0lzdHNUWENLaHhxMXN0M05VdTJycHppb0hRS1otd29aWHRTejhaZ1lrRm1h?oc=5;Mon, 11 Sep 2023 07:00:00 GMT;14/05/2026 15:07;;
Guarda municipal é preso por feminicídio em Maringá: imagens chocantes revelam invasão à ex-companheira - diário do estado;https://news.google.com/rss/articles/CBMi0AFBVV95cUxOcGhXbzB6QURwaHBQUEFGbDVtYTdiQURMRENsQm91MVNnd0lIRlJkNXo4T293UU93OV9TUWJDYkliMkJKMGxrZWYxZTVodWwwSWNDMkNmbktSWTJ4TVdpV1FqeUlBRGdHdGZGNmJoN2I1NktXU2NXZ29QTDhyREtMaVh1SnNGSFdEUjBWaS01X2tYd2JlOTBXdlJyNUhSbnJ4UUpjQ2EtbkU2U2pSY1VOczJ6QnFpVXJPOFVja3FwbFcxRmRhczhkVVczY1lYRFZf?oc=5;Mon, 22 Dec 2025 08:00:00 GMT;14/05/2026 15:07;;
Investigado por tentativa de feminicídio é preso em Maringá - Bonde | O seu portal de notícias;https://news.google.com/rss/articles/CBMipAFBVV95cUxQdXkyVDhCUHdIM0c0aFNibTl6VkRCYUF6dE5YWEpkc0V1X2ctN3lZbEVkMGx6OFlxZzN2SVBoTVFCUU52Um1RUW51VnBmUzRhaFMtMm5ETndKZ1d2ZnFYclpWUkVRbUQzX1RMTGpEdWMtSWZOVnJyc0xTQi01MWZzYklqVi02U3Z6YnJfRGh6SmtpVXNENGRfRFd0T3llVF9iWGY2Nw?oc=5;Fri, 30 May 2025 07:00:00 GMT;14/05/2026 15:07;;
Comerciante é condenado a 43 anos de prisão por matar esposa e enteada a tiros; em Maringá - G1;https://news.google.com/rss/articles/CBMi6AFBVV95cUxQWkMxWmlDSlV3T25GNEpRSGtnRjFrT09ueXdsV1d5am1TN0N6eEU0enN4NFd2Qk5md01HbVpMUEZfX3VBcXN3RTcyTGd4cndwS0JGYzN1WTFfUTNsY05CYjFRRVRsZjlBMVowR2oyZG05eGlkYmxfalZYY2RKU3NMWTZVcXc0bEVhRjFyYUhmS1FYVUZyblZvbHVvTzNWdlhUMTBORk52QklrTnZnQ01uRTVrVWNCRC05TEFHYjFhRjdqMUVlVTM4N05QRXdwRWpIcVpXVzhrTThBa0czcWNPUENsU1EwZFZH0gH3AUFVX3lxTE4yaXJxczB3czRydHpDdmZWaTd5Y2ZTbVVOSFVIVnM2ZUhnTl9VckVhNlFvU2t1SkZXWExFYmFGUU1GdjBHaHgtVmVkWDZzaW9FdkxEbUg1Q2xoVWtQeUVZNDZMZG5VMGdnMG9QSkpRY1ZBQzBYd1ZqUFNrX0NQMEI0M1NrdGJzalZ4QS1BQzBkTHR5SmdRQWl5QUhlaUdBbWMwMzE4N0s0SUUzTWVxaWN2UWJlVTNxcGtaNks3TG56LTNyVlNVTVZzaDMwejk4TjF3RjRQUWNOYXZMektyb2hYQ0p3c2p5NlJuanIwU2M4QVNZZ1hqeUk?oc=5;Wed, 23 Feb 2022 08:00:00 GMT;14/05/2026 15:07;
Policial morta em Maringá vivia em relacionamento abusivo; diz irmã da vítima - G1;https://news.google.com/rss/articles/CBMi1wFBVV95cUxQNkkwUmRDc1lWZjZZRnR0WGVwZWJtMkk5aFpobkRmNlc2RVJiZ0dwLWV0bXRtRnRRNnBUV3VDSkFFaXdITTVmNmFXeDE3VE9xSlRKQktLUEplSzhnWkZ1NzhLUmo5SGJpTy1CdU53dHFHTURVMG5TRGx0VjhxV1Iwa0o3QWJtT3ZKcnE4YzcxNnJQRDRkZzlOdjlaaEU0Qm00VlkwZ0l4U2VVeFdZUzFwN1ZKMDg4aFhoUnloQkN1UXdSaUtSZlZxNnVhXzJ3U3o2NU1FdjV3WdIB5gFBVV95cUxNUjU0Z2hVNXBYdGVybkpWNFpwLUJBeGdyeTAwQTJDYUF0YWRIRDJaeGY4M0FrY1JoTklnQzEtUXZ2THlfdmd0a1VHYXJmaldvNFhFTGl0aDhGYm5tenZjY3VTX1M4ZkQwLVRteGNOZGZDLW04bE1Nc1FNOHQ4dEx0Z0VUNnRlMlpVeTRtS3JOcEFnX0RuemRGNGlOT0ktdGJRRFEwYmdOVDBoWDl0WGZSenhJTDBWdldGQVJfMFVUc0I5OU9Vb0twaWV4LWJYYWRPXzBmZjVDbTFXQVAtVUllVldmVUFZZw?oc=5;Wed, 06 Sep 2023 07:00:00 GMT;14/05/2026 15:07;
Ex-marido confessa assassinato de professora em Maringá durante depoimento; diz polícia - G1;https://news.google.com/rss/articles/CBMizgFBVV95cUxPNlc2dGw4WTFBTkYyWnVqREFrUG5vMnlQRlRZSmxScDR2LWNQeWJjMEtUYTE0TjFaeWJYNzFPa0xhNjQ5OElndUFkLXNjLTZQalZYS1pXU25UNnZoYnZEQkgtdVhPSnVaZFhiRlBNaWhJeUdGdnl1dHJPTzFYLUFLak0tNjJESjhWTVlSa1dvV0ZiU3lIbEZ6YmhVNkZrVUtjanlmSG45eVBiZkpHYWZtZkowMFd2ZUN2eHJUMFRlSTM4QkJMTmtPdjYwT2ZaUdIB3AFBVV95cUxQSDBDbzJNT2lwbFNQSUNPdGVWa3Q0NjNSNGhqeE5UbXdlNjY4Yjk1ZzdsXzNVRHJmd0Z0VFpMcW9tTmRCc2pSLTRidC1DTWNjMm9obGlRanNQMHRJRzNMQ1VJZGVPRFlDNTMtcndoVzJ2R2pnQUZjdUF5QzRhYktTdTNhVW84NWs2dWI4VzRCc1hBem5ndFpTOS1POEtLN0hHdUUwbVo5TUduenlvY2Vvc3Q3NlFfSEJvQkVlQUZvRzAzZk85VEZHSlZhOWhVSEVxbEtrVnh1V25tZk1H?oc=5;Thu, 20 Oct 2022 07:00:00 GMT;14/05/2026 15:07;
Empresário é condenado por matar ex-namorada a tiros em Maringá - G1;https://news.google.com/rss/articles/CBMixgFBVV95cUxNNXEzRU5nb0tFR29qQUxLN01PSlh0dmZHQlhhTS1wZWo2UFFici1sS3IxdzI5bWJIVHlsUEJoRkZZN2NlWklvNko4aEJhS3QwWTg1dzdKMkxKaXc4aWswNF96bm1RbW8xM252RXVuQWFJcW5XbmtSdlV2czBvYjZHRUZWLUxiMVh5VnFsVGdab3VVYWJRWTZnVkdzOWFFUnp0RklQZ0xiQjhqZmVmSFRWRldaV0lKbXhia0R0Q2ozUUk3SW4tWGfSAdQBQVVfeXFMTm9CR1R6ZHdKVnBfZkJQU3BOd2VkempqUDVqVEktYWU3WnRFRDBvd2ZDX1RTc1hiSjkzN1RsV0NYWWN5TzU5eUFGNElsT1p4Zk1zV1BDZDdYX0R0U2FiVzV1TE1ESGpYOUk4Vng2ZE1Uakc5emNRakY4Q2l2aW1PTk8zVVFHazVWOGg1dkdvYXZoSlZ1OUN3SlhMYlJ4MEdGMVV5bThpcmd4V05obEhuLUpSV1hvaXdBU0NEa2JkTHdiRklycjJ5UFBHSHowbzhBdzhxV2Y?oc=5;Wed, 01 Mar 2023 08:00:00 GMT;14/05/2026 15:07;;
Atos pelo país repudiam violência e homenageiam bailarina vítima de feminicídio - Brasil de Fato;https://news.google.com/rss/articles/CBMiwAFBVV95cUxNLWdYbk9tQUZ3WHJmSS1OZUFtWER4SS01OGQ4NTZYQnZseFVVa2FJYkN1U1dESUV2Tmo0MVFUVTIzeF9weEp3dzh0QkdDbWthQ2ZMLVN2aFhnQnRLQi1vejk3a3Fna2NFUXdsUWZVei10b05vd0xxdF9ZYjFvVFdQZHBNS190QVRrWnN3TFBMNmFYY2dSMjFVZU42YXRKbmUyMVk4NUd4emNySGFWVllieWlJRlowUUQtcnFuSXBNSzM?oc=5;Mon, 03 Feb 2020 08:00:00 GMT;14/05/2026 15:07;;
Suspeito de feminicídio é preso na região de Maringá - G1;https://news.google.com/rss/articles/CBMi8gFBVV95cUxOS3BjQkpXRTUzenVQZEQ3aFh0eXUwTXRnREFEUnNfakpPOGNCcU1BWUpSdk5aR0JUMmt5cFEwenhKckt2bHJ0R3B4YXpPemdQdEdYSFdHTmlzQm5qbjZ1Zkp4TXYwZG9GRU51dG9sdzhnMlA1QlJPQmFndDI4M0JjdEIyd2l2TWdJT0Rubk43aTVJV0VjMTM1YWZ4Nkd3QjhnSjB1YkcwS2dlWnJhd0lEZ09JTERDZFVfM21VYXJ3RGpHeWtFVzNFNW1pOFRwV0t4d3VWME1PbFBDVXZ5dzB4RnZRZXZTREEtdmJSUDh6SXZMUdIB8gFBVV95cUxOS3BjQkpXRTUzenVQZEQ3aFh0eXUwTXRnREFEUnNfakpPOGNCcU1BWUpSdk5aR0JUMmt5cFEwenhKckt2bHJ0R3B4YXpPemdQdEdYSFdHTmlzQm5qbjZ1Zkp4TXYwZG9GRU51dG9sdzhnMlA1QlJPQmFndDI4M0JjdEIyd2l2TWdJT0Rubk43aTVJV0VjMTM1YWZ4Nkd3QjhnSjB1YkcwS2dlWnJhd0lEZ09JTERDZFVfM21VYXJ3RGpHeWtFVzNFNW1pOFRwV0t4d3VWME1PbFBDVXZ5dzB4RnZRZXZTREEtdmJSUDh6SXZMUQ?oc=5;Wed, 22 Jan 2020 08:00:00 GMT;14/05/2026 15:07;;
Câmera flagra capotamento em Maringá - G1;https://news.google.com/rss/articles/CBMi1AFBVV95cUxNa2NOT1VOQkFfc2loRk8zQ2ViS1g5QTdEUXlQWDJIbW5IOFFBaXZtMEd4cEVBRmlBSldLNzk5UnVORWV6MEhDMnd6VjFVOXYzNE1ZVzN2cjk0bWhicDVLUEt2UVRaZjB0bV8yYlZrRVF5TmxFeU5wNE5Qbk5scEtJc3EwNEN2TF9fVVVLMm9KQ29GZTBmTXY2STBjLUlTeGFReEsydlpSYW53VFlVMW40eENzaVY1dUw0OG5PbFlZT1VDVDJHcTV4WjRzNVlTOFE0djVhUdIB1AFBVV95cUxNa2NOT1VOQkFfc2loRk8zQ2ViS1g5QTdEUXlQWDJIbW5IOFFBaXZtMEd4cEVBRmlBSldLNzk5UnVORWV6MEhDMnd6VjFVOXYzNE1ZVzN2cjk0bWhicDVLUEt2UVRaZjB0bV8yYlZrRVF5TmxFeU5wNE5Qbk5scEtJc3EwNEN2TF9fVVVLMm9KQ29GZTBmTXY2STBjLUlTeGFReEsydlpSYW53VFlVMW40eENzaVY1dUw0OG5PbFlZT1VDVDJHcTV4WjRzNVlTOFE0djVhUQ?oc=5;Mon, 17 Jun 2024 07:00:00 GMT;14/05/2026 15:07;;
Acusado de matar bailarina Magó fica em silêncio durante interrogatório; em Mandaguari - G1;https://news.google.com/rss/articles/CBMi4wFBVV95cUxOV3dfdHZvM2c1aE1hS0tIVG0xZ1A4OUdCbFFYNVE4OEdUdWE5N0NORGpqak1KREREaWlaU2d3TXFUQVVuQ1BxNE9uVWdoMnF2ekRNM1BYN1hCNDlMNE1JUFFNV1RvU0ZmQzlVNktNUHNjUGtqQ1Y2UGN4WmFTTWZGR3Q4WHJMQ3RId2RRMlR5WDFKZW9ZMTBUUzh3UklmR2c2RFhQM3BFQnRqLThhWVBEaGREZ0ZLZUQxRmdPQnMxQ0l2MjRINldKQ2VzQnRfLWlDcHZtV3hLZV9MMjdVVjJrZFpla9IB8gFBVV95cUxQQVBCZGxjLU5hWnBnRVhGa0ZSeGo4bWVhM2QzR0JiUkZxN201RHRKM2NFTzhQbXliOXdJSElZWVlTQTUtVy1SUFFMTHdhVjdaUndrQmxNRG01cjQ5ejFTU0Y5T2VUenFDMWpZc1F2MnBmLWVpZENnWnNCWU5ZZFlsbVRMT2laZkhiclk1REtUWkd1WnpENTkwZzBtRFktbGtXMmlTN1prRmtqcDBEb0VrTVV6SGlBNU1KN2c3bG9zZ0VzcXZLQTlneFozUVFtMDFUbnZwQUIwU2FUMFgwWW5vc1JicmVGVEtYcmoyUzY2Mm5sQQ?oc=5;Tue, 07 Dec 2021 08:00:00 GMT;14/05/2026 15:07;
Mulher é morta a tiros pelo ex-marido após deixar os filhos na casa dele; diz polícia - G1;https://news.google.com/rss/articles/CBMi4gFBVV95cUxNX1YyM0w0Sl9mbXhTZDF3cTJvX3duUnNwanNiZmVfOW1hV0xfVFk2S0pVWlVxQW1yMk9sMF9qT3V4M1h1RHFVR2ZBaEhkUFc5V2k2akdsQkt4M1U5NWdLd3ZfbFBRM2FENUVCOG4tSnZWM2dNemc5bnY3anR0R2lrSjVzbFU3ak9xRTBzLUE5OHpCeldTbEJpS0RwX2tDLW9adGUwb2N5cnVTX0U3Y21EN3lkWUNKWFF3RDYzSjYzajJuTklGbm1tM2VsbzZXSDQ1eWdmTE4tLXdmNzJ4SnJYWnNR0gHwAUFVX3lxTFBQbURwWWJYOTdQcC01QmFMRnlxY0JKc1lvQVBUMFQzODRaRlR0dWhhaEljOUV3ZGtDckVlTGJhNkpNZjZ1a3pyTHNLTnpVRUJfZjJsVXJSV04zV3E4OXZTal8xMFJXdVVaYy1YdW5YYmhQOHhTQ1B2VUk4XzdFbkI2SVMyU0FxX21zMGVCMUN5VXotRjY2Y3NhMlV6RzVaLXh3bWhlaENVdW0wNXV4eFFkUExseHZBUmc0b3pRMUdvVm1iU1FyRGM3d05QZFRyNURWNWpad3NqRjdsRWhYMmc3bVI1bFhhak5BNjR4UDQyTg?oc=5;Thu, 14 Oct 2021 07:00:00 GMT;14/05/2026 15:07;
Corpo de Policial Militar vítima de possível feminicídio é velado em Maringá - gmconline.com.br;https://news.google.com/rss/articles/CBMiugFBVV95cUxPdEd1X0VjelBVdFFKMzA2Ql9CNTY3eHpXOTk1TDQ4VXVCYkpIVzdqRHhWTjdqUHlvLWpBcWVQdVNFc2pXOWlYNlZ3OHZoX05NV1pKLTN0cW9mc18tclNCUjhIbXFFaUp4NlkwSzBQNFI4ZEF1OG42YXBGNE10bHZRaENmbnNwWGFIck5vMDF2NUN6eG5INXZpbGh6TGNZaFZaWXRJejV0blNoYnRjX1RUdDN5ZWR3MDhwTmfSAb8BQVVfeXFMTVk1QnNxOWhMTjZyclMxV21yR3VieFU5NW13RzNocHVsRXF5cnBCWHZDTnZ5YnFEYVI0V2hyUTFtVlVyTHlLd0ltT0ZyeHVnOUFjc0dHOS03R0JGOF9DOG9VbTV5RlNTeDlMMDFYREozWXNzX0JicXp6RWtTclJieEZjYkhrcDFTZGdWMnE5ZjJoM1p1ay1PMFE1cXppT3pvQXFweWV2aF9ZcGI3Qk9HZXB3SVZUZTk2MHFMRGFDUzA?oc=5;Sat, 02 Sep 2023 07:00:00 GMT;14/05/2026 15:07;;
Acidente deixa 2 mortos no Contorno Sul de Maringá - G1;https://news.google.com/rss/articles/CBMi5wFBVV95cUxNUWJIamo5c243SEg4Wkl2S3JOR1I1OWxxdEV6WmdXNFo4c3FOUURhck1raklwd2FPakszYl9qc0NySk5OTFN1eHUyRG9VRjRaYzZXdC16RDFLb29pY1NJQzIxSEU4SWFTQTNwOXhzRXVIcmhPRXdOVlMzMW1oUjJlWUhOWHQ4UHV1M0VlVHBfUU14a1A5enFpN2Z1eFlMZXZBZER1NEZrQ0ZRQy05cURFZUhPcXh1RTZPdVkwOG1yNEc2d3dyM1dHWUwwX002V1U4bDNsS1dKR0NwY2wzbk1YNGlHSDUydDTSAecBQVVfeXFMTVFiSGpqOXNuN0hIOFpJdktyTkdSNTlscXRFelpnVzRaOHNxTlFEYXJNa2pJcHdhT2pLM2JfanNDckpOTkxTdXh1MkRvVUY0WmM2V3QtekQxS29vaWNTSUMyMUhFOElhU0EzcDl4c0V1SHJoT0V3TlZTMzFtaFIyZVlITlh0OFB1dTNFZVRwX1FNeGtQOXpxaTdmdXhZTGV2QWREdTRGa0NGUUMtOXFERWVIT3F4dUU2T3VZMDhtcjRHNnd3cjNXR1lMMF9NNldVOGwzbEtXSkdDcGNsM25NWDRpR0g1MnQ0?oc=5;Fri, 10 Jun 2022 07:00:00 GMT;14/05/2026 15:07;;
Magó e outras vítimas de feminicídio são lembradas em ato em Maringá - gmconline.com.br;https://news.google.com/rss/articles/CBMirwFBVV95cUxNOWdYbGZ3ZVA3QXRFZzFSSHEwLTI3ZmtyRHlRdFZNclhjb2FtVjNrUWhUbXJJU3VvUjFIM1J6YkJGUFNMRGpsNC0xdGdNV1FDcjNELW9WQ0M3SndfbWd2ZGx4TUpzLWRCTTFaZDI0aDlkU25hOHhZMm1NRDA5QjRkVHp1a2d6YkxIblp1U2xUWWZvX3FtZ2RGZUk0MmNHRTJkcEJQS3g3YjFYQzQwUldn0gG0AUFVX3lxTFBlNkltNkVkamRJZlVfMkw1RjhyOUZzSTgwSkxOLWdOZ3A3dzlDQkoxbnN2VkNNeWE4RGstMWl2NW5GWnk4dWk4QUsxWDY5V2JRVzEzb3pLekxxMXZrVFZ2WVBUWHZGbHB0OFZDQk1DMkZEU180U2VxX0txS3Y0bU5jVXp0NnpUWkUwTlppTzNaWDNSSGc0X04wMUlQYlc0M09GbkI5YnB4TlE4RFBkX1ZkVUpMYw?oc=5;Wed, 22 Jul 2020 07:00:00 GMT;14/05/2026 15:07;;
Marido é denunciado por feminicídio de esposa PM no PR;;;;;
Acusado de feminicídio é condenado a 15 anos de prisão - G1;https://news.google.com/rss/articles/CBMi6wFBVV95cUxQOGtSUXJRYjhhR2hvbFJpVG9tXzI4dnNDOUVHdTlwTjc0R29KaHdsU1JaQUNjX3VYVDhqUzZQdkpKM2w4eGthOEhvSXhFZFExY2JjV3NxbGtIdUwtckRmUnhDR0d0WGUyRkRzX2dIVjNsbm43T0JiUnlyZEZMeXdXVjRNZ0s3ZllqNDVtZjI2MUk2ZUZhZnYzdVJuNThhdUE3SnBKcmRzRUt5dVlGRXBZcjVNUi0tajJ0RXh3YmhpckVhMkJWc0xSaHdNQWxZTmsxck84YkNoWUdTT1M2Vi1WYURPU0sxT3pCWXc40gHrAUFVX3lxTFA4a1JRclFiOGFHaG9sUmlUb21fMjh2c0M5RUd1OXBONzRHb0pod2xTUlpBQ2NfdVhUOGpTNlB2SkozbDh4a2E4SG9JeEVkUTFjYmNXc3Fsa0h1TC1yRGZSeENHR3RYZTJGRHNfZ0hWM2xubjdPQmJSeXJkRkx5d1dWNE1nSzdmWWo0NW1mMjYxSTZlRmFmdjN1Um41OGF1QTdKcEpyZHNFS3l1WUZFcFlyNU1SLS1qMnRFeHdiaGlyRWEyQlZzTFJod01BbFlOazFyTzhiQ2hZR1NPUzZWLVZhRE9TSzFPekJZdzg?oc=5;Fri, 08 Mar 2019 08:00:00 GMT;14/05/2026 15:07;;
Autor do 1º caso de feminicídio julgado em São Mateus do Sul é preso foragido em Maringá; entenda o caso - Portal RDX;https://news.google.com/rss/articles/CBMi1wFBVV95cUxQZHY0N2xBMl9OZzcxcERvYmp4NXgtUTNUNWtvTVAzbUhkUlBsMTNUanp0SURBNTFCRXlrX0gzOXRNdjQ4SFdYNHJyVlV0ZDMwWXBDZ1VhenhpVG5ZclNVMDNicTZPR3BNNGtzaDF2ejJ1VDZjdm83N1VmNTNDRGkxMDBXY1J1WUdBZ2J5eVR3VmZ5SG1WdGU4R3FfVnVWYkl1WVZydzlVOHZBMXhEdElPUmJYUEZkbGNjQ2p0dWM4MDE1eGY0ejI2TXVGWmhJX3FIOFB4ZFVJaw?oc=5;Fri, 28 Apr 2023 07:00:00 GMT;14/05/2026 15:07;
Feminicídio: jovem morre baleada e suspeito comete suicídio - SBT News;https://news.google.com/rss/articles/CBMirgFBVV95cUxPOVU0NV9xTEpRZmRfa3hGMEJkSFZNLXd1NEZnRUNfNUw1M2h0emtibUdhQnlfWV9LTzJzNUo2ZjRQb252VnpRLUVRcXAtTTAwampXZUFYTXkxRnhPdDRrV2JYQ3V1aV9jdzBiZWI3dy1oeFlod3Y5MjYzb1ZZTFJtS1ZFRUl5blNPcXFGUHlWUzZLX2xLcXVUZzFCTkZESFFKUURHSTlfNmpTbEFsTVE?oc=5;Mon, 27 Sep 2021 07:00:00 GMT;14/05/2026 15:07;;
Suspeito de matar policial em Maringá é acusado por feminicídio - Band News FM Curitiba;https://news.google.com/rss/articles/CBMimwFBVV95cUxNSDZKWHJ0T2cweWQxRk5QNHBNVXNhYlpuQldCT2NHZm4zY1RSMDVkNTdkeFI4ZDFIa2c4dU9RMmcxZ2JxUmhZaExrN3MtT2l6WGlPWDFtbHgyQlBMb2tPQ2twSXlwRFlWS2FqazE0dkIwYW5jQ3FSV3ZpbjNtaVk2eFdwZEJjY3dxbk56NkRTeFZmY0lrVG5BZ2JBZw?oc=5;Fri, 15 Sep 2023 07:00:00 GMT;14/05/2026 15:07;;
Caso Tatiane Spitzner: Luís Felipe Manvailer é condenado a 31 anos - Maringá Mais;https://news.google.com/rss/articles/CBMirAFBVV95cUxOZ0pLZG0tMllKVGdFMWRFZEhnNS1fLWZKeEtXQ05SQ2ZwenIySThaWk9QdzhBWE5HVUtQcmZuYnBXU1FEZGs3TzdKaUVtSVF5dHk4MzJaYW1EV0doVkI3Qk12WGh4QXVnX21ucWdaTGpVRDI0SU1TUGw5b3g0WXJZd2RnRGVwamxwSGUtU0ROUGJ2RjFwajZCckFKQ2tZQUVSNzRBckVITFh6M3pZ?oc=5;Mon, 10 May 2021 07:00:00 GMT;14/05/2026 15:07;;
Levantamento aponta bairros com mais registros de violência doméstica em Maringá - gmconline.com.br;https://news.google.com/rss/articles/CBMipwFBVV95cUxPNzNVY253SHQ5a0VEUjV5eGhUNFNsbnhJTnd3eUIxYzA0RVpUY05CTkYxTlZ0QkVqYTFkbXRzanJmdkVIdDE3YW5VVW1GZ2xmLVBTeEg3ZDF1a2J2VDE5YmVYeTY2aFYyVGoxWGR6SVJObDMxSkJGam5IYTJQV3M0WWVObm1lSGNXSFFtMzRhbmt0VmNkU0V4dmtDQjBXcVdHR3l2LWpIWdIBrAFBVV95cUxPTjdPWHR3U0wzLThmd1o1Rk05dkZBb29uR2NLTDYzSGFwMktwSldxSUdIVU84LVByM0FnZjNFUlZ0WHpXX1dYNzJVOWplZkVncGkxUUVuQ2ZhS2tKXzQ1R1p2S1lrOFFpYUtnYmNLbEZfX3gwT0lBdUlGU082RXBKbDMzX0VfdWpSc1VlN3p6VThOZkVjWUxLSndvOVREcy1YNGNNcjA3S0didm9m?oc=5;Fri, 24 Jul 2020 07:00:00 GMT;14/05/2026 15:07;;
FEMINICÍDIO: câmera registra empresário de Maringá matando a esposa a tiros - Umuarama News;https://news.google.com/rss/articles/CBMivAFBVV95cUxQdGZsMkxPWEtkWW94eVB4UmpyRTlsOU9lZUlBYzZSODlxcDdDU1JCZ0J4S3dpamJOcnNuOG15dUxrNTI0VzJma0tHVklGWmtGeG5zRnVmQTNBNzJod1RoRmpaYmk1bGVnaWh4T25WVkxLdzhwZ2JTa2tVbkFvc1VucWV3M2JqTU9KNlhwaFQ2WDhqNWN3Ynk3XzctS09fYnRIQzY2RUh3enlBQ3BfeTQ1NTVGZl9mOWJHTEU4aw?oc=5;Wed, 22 Apr 2026 07:00:00 GMT;14/05/2026 15:07;;
Mulher é assassinada a facadas e suspeito é preso por feminicídio em Nova Maringá/MT - Power Mix;https://news.google.com/rss/articles/CBMiwwFBVV95cUxQSXN5LWhoN2dLUnNjV2N5M05hVERaci1EYk9CbGRTMXFuNENKMUNuanRiN01xSEZXZm1uMGtsRG9TdjFod000WE1oM2hJNkhTZkRIQWVMMUVvcE9vcElnVjhjc2llYU44N0FEWFpMWFVzRUNHdzg2UjZrTzJ1eTJGR0JqM0RkN09uNkVUWE81bnlCUUh3eTdWYzB1Uko5YzdzUDVvOEtMMUVRbEJuaEoxZkhoWlI3eDcxNGxhZ0RzdUFLRlk?oc=5;Sun, 11 Jan 2026 08:00:00 GMT;14/05/2026 15:07;;
